_venue_key,venue,paper_count,paper_share_pct,venue_group
scientific reports,Scientific reports,15,4.41,Multidisciplinary / General Science
ieee access,IEEE Access,11,3.24,Engineering / Computer Science
findings of the association for computational linguistics: emnlp 2025,Findings of the Association for Computational Linguistics: EMNLP 2025,6,1.76,NLP / Computational Linguistics
plos one,PLOS One,6,1.76,Multidisciplinary / General Science
proceedings of the aaai conference on artificial intelligence,Proceedings of the AAAI Conference on Artificial Intelligence,5,1.47,General AI / ML / Data Mining
bmc medical informatics and decision making,BMC medical informatics and decision making,4,1.18,Biomedical / Health
international journal of scientific research in engineering and management,INTERNATIONAL JOURNAL OF SCIENTIFIC RESEARCH IN ENGINEERING AND MANAGEMENT,4,1.18,Engineering / Computer Science
procedia computer science,Procedia Computer Science,4,1.18,Engineering / Computer Science
"2025 ieee 16th annual information technology, electronics and mobile communication conference (iemcon)","2025 IEEE 16th Annual Information Technology, Electronics and Mobile Communication Conference (IEMCON)",3,0.88,Engineering / Computer Science
"bioengineering (basel, switzerland)","Bioengineering (Basel, Switzerland)",3,0.88,Engineering / Computer Science
"diagnostics (basel, switzerland)","Diagnostics (Basel, Switzerland)",3,0.88,Other / Unclassified
frontiers in artificial intelligence,Frontiers in artificial intelligence,3,0.88,General AI / ML / Data Mining
ieee transactions on consumer electronics,IEEE Transactions on Consumer Electronics,3,0.88,Engineering / Computer Science
information,Information,3,0.88,Information Systems / Data / Digital Society
"sensors (basel, switzerland)","Sensors (Basel, Switzerland)",3,0.88,Engineering / Computer Science
2025 3rd international conference on cyber resilience (iccr),2025 3rd International Conference on Cyber Resilience (ICCR),2,0.59,Engineering / Computer Science
2025 ieee international conference on data mining workshops (icdmw),2025 IEEE International Conference on Data Mining Workshops (ICDMW),2,0.59,General AI / ML / Data Mining
"2025 ieee international conference on metrology for extended reality, artificial intelligence and neural engineering (metroxraine)","2025 IEEE International Conference on Metrology for eXtended Reality, Artificial Intelligence and Neural Engineering (MetroXRAINE)",2,0.59,General AI / ML / Data Mining
"2025 international conference on quantum photonics, artificial intelligence, and networking (qpain)","2025 International Conference on Quantum Photonics, Artificial Intelligence, and Networking (QPAIN)",2,0.59,General AI / ML / Data Mining
2026 ieee 5th international conference on ai in cybersecurity (icaic),2026 IEEE 5th International Conference on AI in Cybersecurity (ICAIC),2,0.59,Engineering / Computer Science
ai,AI,2,0.59,Other / Unclassified
algorithms,Algorithms,2,0.59,Other / Unclassified
applied and computational engineering,Applied and Computational Engineering,2,0.59,Engineering / Computer Science
cureus,Cureus,2,0.59,Other / Unclassified
informatica,Informatica,2,0.59,Other / Unclassified
international journal of computational intelligence systems,International Journal of Computational Intelligence Systems,2,0.59,Engineering / Computer Science
international journal of information security,International Journal of Information Security,2,0.59,Engineering / Computer Science
international journal of research and scientific innovation,International Journal of Research and Scientific Innovation,2,0.59,Other / Unclassified
jmir medical informatics,JMIR medical informatics,2,0.59,Biomedical / Health
journal of clinical medicine,Journal of clinical medicine,2,0.59,Biomedical / Health
machine learning and knowledge extraction,Machine Learning and Knowledge Extraction,2,0.59,General AI / ML / Data Mining
npj digital medicine,NPJ digital medicine,2,0.59,Biomedical / Health
nature communications,Nature communications,2,0.59,Multidisciplinary / General Science
proceedings of the 5th acm international conference on ai in finance,Proceedings of the 5th ACM International Conference on AI in Finance,2,0.59,Engineering / Computer Science
shodhkosh: journal of visual and performing arts,ShodhKosh: Journal of Visual and Performing Arts,2,0.59,Other / Unclassified
2022 25th international conference on computer and information technology (iccit),2022 25th International Conference on Computer and Information Technology (ICCIT),1,0.29,Information Systems / Data / Digital Society
2022 ieee international conference on big data (big data),2022 IEEE International Conference on Big Data (Big Data),1,0.29,Engineering / Computer Science
2023 5th international conference on problems of cybernetics and informatics (pci),2023 5th International Conference on Problems of Cybernetics and Informatics (PCI),1,0.29,Engineering / Computer Science
"2024 conference on ai, science, engineering, and technology (aixset)","2024 Conference on AI, Science, Engineering, and Technology (AIxSET)",1,0.29,Engineering / Computer Science
"2024 ieee 21st international conference on smart communities: improving quality of life using ai, robotics and iot (honet)","2024 IEEE 21st International Conference on Smart Communities: Improving Quality of Life using AI, Robotics and IoT (HONET)",1,0.29,Engineering / Computer Science
2024 ieee international conference on bioinformatics and biomedicine (bibm),2024 IEEE International Conference on Bioinformatics and Biomedicine (BIBM),1,0.29,Biomedical / Health
"2024 ieee international conference on electronics, computing and communication technologies (conecct)","2024 IEEE International Conference on Electronics, Computing and Communication Technologies (CONECCT)",1,0.29,Engineering / Computer Science
2024 ieee international conference on image processing (icip),2024 IEEE International Conference on Image Processing (ICIP),1,0.29,Engineering / Computer Science
2024 international conference on emerging research in computational science (icercs),2024 International Conference on Emerging Research in Computational Science (ICERCS),1,0.29,Other / Unclassified
2024 international conference on intelligent systems and computer vision (iscv),2024 International Conference on Intelligent Systems and Computer Vision (ISCV),1,0.29,Engineering / Computer Science
2024 international conference on machine learning and applications (icmla),2024 International Conference on Machine Learning and Applications (ICMLA),1,0.29,General AI / ML / Data Mining
2025 19th iiai international congress on advanced applied informatics (iiai-aai-winter),2025 19th IIAI International Congress on Advanced Applied Informatics (IIAI-AAI-Winter),1,0.29,Engineering / Computer Science
2025 2nd asia pacific conference on innovation in technology (apcit),2025 2nd Asia Pacific Conference on Innovation in Technology (APCIT),1,0.29,Other / Unclassified
2025 2nd global ai summit - international conference on artificial intelligence and emerging technology (ai summit),2025 2nd Global AI Summit - International Conference on Artificial Intelligence and Emerging Technology (AI Summit),1,0.29,General AI / ML / Data Mining
2025 3rd international conference on business analytics for technology and security (icbats),2025 3rd International Conference on Business Analytics for Technology and Security (ICBATS),1,0.29,Engineering / Computer Science
2025 5th international conference on evolutionary computing and mobile sustainable networks (icecmsn),2025 5th International Conference on Evolutionary Computing and Mobile Sustainable Networks (ICECMSN),1,0.29,Engineering / Computer Science
2025 5th international conference on intelligent technologies (conit),2025 5th International Conference on Intelligent Technologies (CONIT),1,0.29,Other / Unclassified
2025 6th international conference for emerging technology (incet),2025 6th International Conference for Emerging Technology (INCET),1,0.29,Other / Unclassified
2025 7th international conference on artificial intelligence and speech technology (aist),2025 7th International Conference on Artificial Intelligence and Speech Technology (AIST),1,0.29,General AI / ML / Data Mining
"2025 7th international conference on signal processing, computing and control (ispcc)","2025 7th International Conference on Signal Processing, Computing and Control (ISPCC)",1,0.29,Engineering / Computer Science
"2025 8th international conference on emerging technologies in computer engineering: advances in computing, healthcare and smart systems (icetce)","2025 8th International Conference on Emerging Technologies in Computer Engineering: Advances in Computing, Healthcare and Smart Systems (ICETCE)",1,0.29,Biomedical / Health
2025 advances in science and engineering technology international conferences (aset),2025 Advances in Science and Engineering Technology International Conferences (ASET),1,0.29,Engineering / Computer Science
2025 eleventh international conference on edemocracy & egovernment (icedeg),2025 Eleventh International Conference on eDemocracy & eGovernment (ICEDEG),1,0.29,Education / Social Science / Other Applied
2025 global conference on information technology and communication networks (gitcon),2025 Global Conference on Information Technology and Communication Networks (GITCON),1,0.29,Information Systems / Data / Digital Society
2025 ieee 11th international conference on network softwarization (netsoft),2025 IEEE 11th International Conference on Network Softwarization (NetSoft),1,0.29,Engineering / Computer Science
2025 ieee 22nd india council international conference (indicon),2025 IEEE 22nd India Council International Conference (INDICON),1,0.29,Engineering / Computer Science
2025 ieee 3rd global conference on wireless computing and networking (gcwcn),2025 IEEE 3rd Global Conference on Wireless Computing and Networking (GCWCN),1,0.29,Engineering / Computer Science
"2025 ieee 6th international seminar on artificial intelligence, networking and information technology (ainit)","2025 IEEE 6th International Seminar on Artificial Intelligence, Networking and Information Technology (AINIT)",1,0.29,General AI / ML / Data Mining
"2025 ieee 7th international conference on computing, communication and automation (iccca)","2025 IEEE 7th International Conference on Computing, Communication and Automation (ICCCA)",1,0.29,Engineering / Computer Science
2025 ieee 9th international conference on information and communication technology (cict),2025 IEEE 9th International Conference on Information and Communication Technology (CICT),1,0.29,Engineering / Computer Science
2025 ieee embs international conference on biomedical and health informatics (bhi),2025 IEEE EMBS International Conference on Biomedical and Health Informatics (BHI),1,0.29,Biomedical / Health
2025 ieee international conference on advances in computing research on science engineering and technology (acroset),2025 IEEE International Conference on Advances in Computing Research On Science Engineering and Technology (ACROSET),1,0.29,Engineering / Computer Science
2025 ieee international conference on decentralized applications and infrastructures (dapps),2025 IEEE International Conference on Decentralized Applications and Infrastructures (DAPPS),1,0.29,Engineering / Computer Science
"2025 ieee international conference on systems, man, and cybernetics (smc)","2025 IEEE International Conference on Systems, Man, and Cybernetics (SMC)",1,0.29,Engineering / Computer Science
2025 ieee/cvf international conference on computer vision workshops (iccvw),2025 IEEE/CVF International Conference on Computer Vision Workshops (ICCVW),1,0.29,Engineering / Computer Science
2025 international conference on advanced computing technologies (icoact),2025 International Conference on Advanced Computing Technologies (ICoACT),1,0.29,Engineering / Computer Science
2025 international conference on advanced machine learning and data science (amlds),2025 International Conference on Advanced Machine Learning and Data Science (AMLDS),1,0.29,General AI / ML / Data Mining
2025 international conference on artificial intelligence and quantum computation-based sensor application (icaiqsa),2025 International Conference on Artificial Intelligence and Quantum Computation-Based Sensor Application (ICAIQSA),1,0.29,General AI / ML / Data Mining
2025 international conference on emerging smart computing and informatics (esci),2025 International Conference on Emerging Smart Computing and Informatics (ESCI),1,0.29,Engineering / Computer Science
2025 international conference on engineering innovations and technologies (icoeit),2025 International Conference on Engineering Innovations and Technologies (ICoEIT),1,0.29,Engineering / Computer Science
2025 international conference on intelligent communication networks and computational techniques (icicnct),2025 International Conference on Intelligent Communication Networks and Computational Techniques (ICICNCT),1,0.29,Other / Unclassified
2025 international telecommunications conference (itc-egypt),2025 International Telecommunications Conference (ITC-Egypt),1,0.29,Engineering / Computer Science
2025 sice festival with annual conference (sice fes),2025 SICE Festival with Annual Conference (SICE FES),1,0.29,Other / Unclassified
2025 silicon valley cybersecurity conference (svcc),2025 Silicon Valley Cybersecurity Conference (SVCC),1,0.29,Engineering / Computer Science
"2026 5th international conference on communication, computing and electronics systems (iccces)","2026 5th International Conference on Communication, Computing and Electronics Systems (ICCCES)",1,0.29,Engineering / Computer Science
2026 6th international conference on advanced research in computing (icarc),2026 6th International Conference on Advanced Research in Computing (ICARC),1,0.29,Engineering / Computer Science
2026 7th international conference on advancements in computational sciences (icacs),2026 7th International Conference on Advancements in Computational Sciences (ICACS),1,0.29,Other / Unclassified
2026 7th international conference on mobile computing and sustainable informatics (icmcsi),2026 7th International Conference on Mobile Computing and Sustainable Informatics (ICMCSI),1,0.29,Engineering / Computer Science
"2026 sixth international conference on advances in electrical, computing, communications and sustainable technologies (icaect)","2026 Sixth International Conference on Advances in Electrical, Computing, Communications and Sustainable Technologies (ICAECT)",1,0.29,Engineering / Computer Science
acm sigmetrics performance evaluation review,ACM SIGMETRICS Performance Evaluation Review,1,0.29,Engineering / Computer Science
acm transactions on computing for healthcare,ACM Transactions on Computing for Healthcare,1,0.29,Biomedical / Health
"acm-bcb ... ... : the ... acm conference on bioinformatics, computational biology and biomedicine. acm conference on bioinformatics, computational biology and biomedicine","ACM-BCB ... ... : the ... ACM Conference on Bioinformatics, Computational Biology and Biomedicine. ACM Conference on Bioinformatics, Computational Biology and Biomedicine",1,0.29,Biomedical / Health
adipec,ADIPEC,1,0.29,Other / Unclassified
ahfe international,AHFE International,1,0.29,Other / Unclassified
aims mathematics,AIMS Mathematics,1,0.29,Other / Unclassified
acute critical care,Acute critical care,1,0.29,Other / Unclassified
advanced engineering informatics,Advanced Engineering Informatics,1,0.29,Engineering / Computer Science
advances in artificial intelligence and machine learning,Advances in Artificial Intelligence and Machine Learning,1,0.29,General AI / ML / Data Mining
advances in human-computer interaction,Advances in Human-Computer Interaction,1,0.29,Responsible AI / HCI / Ethics
american international journal of computer science and technology,American International Journal of Computer Science and Technology,1,0.29,Engineering / Computer Science
american journal of management and iot medical computing,American Journal of Management and IOT Medical Computing,1,0.29,Biomedical / Health
annals of internal medicine,Annals of internal medicine,1,0.29,Biomedical / Health
applied sciences,Applied Sciences,1,0.29,Engineering / Computer Science
applied clinical informatics,Applied clinical informatics,1,0.29,Biomedical / Health
artificial intelligence systems and its applications,Artificial Intelligence Systems and Its Applications,1,0.29,General AI / ML / Data Mining
artificial intelligence for transportation,Artificial Intelligence for Transportation,1,0.29,General AI / ML / Data Mining
bfh: arbor,BFH: ARBOR,1,0.29,Other / Unclassified
bmc palliative care,BMC palliative care,1,0.29,Biomedical / Health
bioscience trends,Bioscience trends,1,0.29,Other / Unclassified
brain sciences,Brain Sciences,1,0.29,Other / Unclassified
british food journal,British Food Journal,1,0.29,Other / Unclassified
case studies in construction materials,Case Studies in Construction Materials,1,0.29,Other / Unclassified
clinical and experimental medicine,Clinical and experimental medicine,1,0.29,Biomedical / Health
clinical and experimental otorhinolaryngology,Clinical and experimental otorhinolaryngology,1,0.29,Biomedical / Health
"cognitive, affective & behavioral neuroscience","Cognitive, affective & behavioral neuroscience",1,0.29,Other / Unclassified
companion proceedings of the 30th international conference on intelligent user interfaces,Companion Proceedings of the 30th International Conference on Intelligent User Interfaces,1,0.29,Responsible AI / HCI / Ethics
companion proceedings of the 31st international conference on intelligent user interfaces,Companion Proceedings of the 31st International Conference on Intelligent User Interfaces,1,0.29,Responsible AI / HCI / Ethics
companion of the 2024 on acm international joint conference on pervasive and ubiquitous computing,Companion of the 2024 on ACM International Joint Conference on Pervasive and Ubiquitous Computing,1,0.29,Engineering / Computer Science
complex engineering systems,Complex Engineering Systems,1,0.29,Engineering / Computer Science
computational and structural biotechnology journal,Computational and structural biotechnology journal,1,0.29,Other / Unclassified
computer networks,Computer Networks,1,0.29,Other / Unclassified
computer science bulletin,Computer Science Bulletin,1,0.29,Engineering / Computer Science
"computers, materials & continua","Computers, Materials & Continua",1,0.29,Other / Unclassified
digital communications and networks,Digital Communications and Networks,1,0.29,Engineering / Computer Science
digital medicine,Digital Medicine,1,0.29,Biomedical / Health
dinkum journal of medical innovations,Dinkum Journal of Medical Innovations,1,0.29,Biomedical / Health
discover applied sciences,Discover Applied Sciences,1,0.29,Engineering / Computer Science
discover computing,Discover Computing,1,0.29,Engineering / Computer Science
e+m ekonomie a management,E+M Ekonomie a Management,1,0.29,Education / Social Science / Other Applied
egyptian informatics journal,Egyptian Informatics Journal,1,0.29,Engineering / Computer Science
electronics,Electronics,1,0.29,Engineering / Computer Science
"entropy (basel, switzerland)","Entropy (Basel, Switzerland)",1,0.29,Other / Unclassified
european heart journal,European Heart Journal,1,0.29,Other / Unclassified
expert systems,Expert Systems,1,0.29,General AI / ML / Data Mining
findings of the association for computational linguistics acl 2024,Findings of the Association for Computational Linguistics ACL 2024,1,0.29,NLP / Computational Linguistics
findings of the association for computational linguistics: acl 2025,Findings of the Association for Computational Linguistics: ACL 2025,1,0.29,NLP / Computational Linguistics
findings of the association for computational linguistics: eacl 2026,Findings of the Association for Computational Linguistics: EACL 2026,1,0.29,NLP / Computational Linguistics
findings of the association for computational linguistics: emnlp 2023,Findings of the Association for Computational Linguistics: EMNLP 2023,1,0.29,NLP / Computational Linguistics
findings of the association for computational linguistics: emnlp 2024,Findings of the Association for Computational Linguistics: EMNLP 2024,1,0.29,NLP / Computational Linguistics
food and bioprocess technology,Food and Bioprocess Technology,1,0.29,Other / Unclassified
"foods (basel, switzerland)","Foods (Basel, Switzerland)",1,0.29,Other / Unclassified
forecasting,Forecasting,1,0.29,Other / Unclassified
frontiers in education,Frontiers in Education,1,0.29,Education / Social Science / Other Applied
frontiers in digital health,Frontiers in digital health,1,0.29,Biomedical / Health
frontiers in medicine,Frontiers in medicine,1,0.29,Biomedical / Health
frontiers in psychology,Frontiers in psychology,1,0.29,Education / Social Science / Other Applied
frontiers in public health,Frontiers in public health,1,0.29,Biomedical / Health
future internet,Future Internet,1,0.29,Other / Unclassified
grail of science,Grail of Science,1,0.29,Other / Unclassified
"healthcare (basel, switzerland)","Healthcare (Basel, Switzerland)",1,0.29,Biomedical / Health
"highlights in science, engineering and technology","Highlights in Science, Engineering and Technology",1,0.29,Engineering / Computer Science
iaes international journal of artificial intelligence (ij-ai),IAES International Journal of Artificial Intelligence (IJ-AI),1,0.29,General AI / ML / Data Mining
ieee geoscience and remote sensing letters,IEEE Geoscience and Remote Sensing Letters,1,0.29,Engineering / Computer Science
ieee transactions on affective computing,IEEE Transactions on Affective Computing,1,0.29,Engineering / Computer Science
ieee transactions on technology and society,IEEE Transactions on Technology and Society,1,0.29,Engineering / Computer Science
ieee transactions on image processing : a publication of the ieee signal processing society,IEEE transactions on image processing : a publication of the IEEE Signal Processing Society,1,0.29,Engineering / Computer Science
igarss 2023 - 2023 ieee international geoscience and remote sensing symposium,IGARSS 2023 - 2023 IEEE International Geoscience and Remote Sensing Symposium,1,0.29,Engineering / Computer Science
international journal of advances in signal and image sciences,INTERNATIONAL JOURNAL OF ADVANCES IN SIGNAL AND IMAGE SCIENCES,1,0.29,Other / Unclassified
image and vision computing,Image and Vision Computing,1,0.29,Engineering / Computer Science
imperial college research computing service data repository,Imperial College Research Computing Service Data Repository,1,0.29,Engineering / Computer Science
indonesian journal of electrical engineering and computer science,Indonesian Journal of Electrical Engineering and Computer Science,1,0.29,Engineering / Computer Science
informatics in medicine unlocked,Informatics in Medicine Unlocked,1,0.29,Biomedical / Health
information systems frontiers,Information Systems Frontiers,1,0.29,Engineering / Computer Science
international joint conference on autonomous agents and multiagent systems,International Joint Conference on Autonomous Agents and Multiagent Systems,1,0.29,Engineering / Computer Science
international journal for research publication and seminar,International Journal for Research Publication and Seminar,1,0.29,Other / Unclassified
international journal for research in applied science and engineering technology,International Journal for Research in Applied Science and Engineering Technology,1,0.29,Engineering / Computer Science
international journal of academic medicine,International Journal of Academic Medicine,1,0.29,Biomedical / Health
international journal of advanced research in science communication and technology,International Journal of Advanced Research in Science Communication and Technology,1,0.29,Other / Unclassified
"international journal of advanced research in science, communication and technology","International Journal of Advanced Research in Science, Communication and Technology",1,0.29,Other / Unclassified
international journal of applied mathematics,International Journal of Applied Mathematics,1,0.29,Other / Unclassified
international journal of basic and applied sciences,International Journal of Basic and Applied Sciences,1,0.29,Engineering / Computer Science
international journal of computational and experimental science and engineering,International Journal of Computational and Experimental Science and Engineering,1,0.29,Engineering / Computer Science
international journal of computing and artificial intelligence,International Journal of Computing and Artificial Intelligence,1,0.29,General AI / ML / Data Mining
"international journal of economics, commerce, and management","International Journal of Economics, Commerce, and Management",1,0.29,Education / Social Science / Other Applied
international journal of health services research and policy,International Journal of Health Services Research and Policy,1,0.29,Biomedical / Health
international journal of research publication and reviews,International Journal of Research Publication and Reviews,1,0.29,Other / Unclassified
"international journal of research and review in applied science, humanities, and technology","International Journal of Research and Review in Applied Science, Humanities, and Technology",1,0.29,Other / Unclassified
international journal of science and research (ijsr),International Journal of Science and Research (IJSR),1,0.29,Other / Unclassified
international journal of scientific research and modern technology,International Journal of Scientific Research and Modern Technology,1,0.29,Other / Unclassified
international journal of scientific research in humanities and social sciences,International Journal of Scientific Research in Humanities and Social Sciences,1,0.29,Education / Social Science / Other Applied
"international journal of scientific research in science, engineering and technology","International Journal of Scientific Research in Science, Engineering and Technology",1,0.29,Engineering / Computer Science
international journal on science and technology,International Journal on Science and Technology,1,0.29,Other / Unclassified
international scientific journal of engineering and management,International Scientific Journal of Engineering and Management,1,0.29,Engineering / Computer Science
international journal of molecular sciences,International journal of molecular sciences,1,0.29,Other / Unclassified
jco clinical cancer informatics,JCO clinical cancer informatics,1,0.29,Biomedical / Health
"journal of advanced artificial intelligence, engineering and technology","Journal of Advanced Artificial Intelligence, Engineering and Technology",1,0.29,General AI / ML / Data Mining
journal of artificial intelligence research,Journal of Artificial Intelligence Research,1,0.29,General AI / ML / Data Mining
journal of artificial intelligence and big data disciplines,Journal of Artificial Intelligence and Big Data Disciplines,1,0.29,General AI / ML / Data Mining
journal of computer science and technology studies,Journal of Computer Science and Technology Studies,1,0.29,Engineering / Computer Science
journal of cyber security and risk auditing,Journal of Cyber Security and Risk Auditing,1,0.29,Engineering / Computer Science
journal of cybersecurity and privacy,Journal of Cybersecurity and Privacy,1,0.29,Engineering / Computer Science
journal of educational measurement,Journal of Educational Measurement,1,0.29,Education / Social Science / Other Applied
"journal of electronics, electromedical engineering, and medical informatics","Journal of Electronics, Electromedical Engineering, and Medical Informatics",1,0.29,Biomedical / Health
journal of engineering education,Journal of Engineering Education,1,0.29,Engineering / Computer Science
journal of informatics and web engineering,Journal of Informatics and Web Engineering,1,0.29,Engineering / Computer Science
journal of integrated health sciences,Journal of Integrated Health Sciences,1,0.29,Biomedical / Health
journal of literature and linguistics studies,Journal of Literature and Linguistics Studies,1,0.29,Education / Social Science / Other Applied
journal of property investment & finance,Journal of Property Investment & Finance,1,0.29,Education / Social Science / Other Applied
"journal of research, innovation and technologies (jorit)","Journal of Research, Innovation and Technologies (JoRIT)",1,0.29,Other / Unclassified
journal of cheminformatics,Journal of cheminformatics,1,0.29,Engineering / Computer Science
journal of medical systems,Journal of medical systems,1,0.29,Biomedical / Health
latin american journal of european studies,Latin American Journal of European Studies,1,0.29,Other / Unclassified
mathematics,Mathematics,1,0.29,Other / Unclassified
multidisciplinary reviews,Multidisciplinary Reviews,1,0.29,Other / Unclassified
nature,Nature,1,0.29,Other / Unclassified
neural computing and applications,Neural Computing and Applications,1,0.29,General AI / ML / Data Mining
neural processing letters,Neural Processing Letters,1,0.29,Other / Unclassified
"one health (amsterdam, netherlands)","One health (Amsterdam, Netherlands)",1,0.29,Biomedical / Health
open research europe,Open Research Europe,1,0.29,Other / Unclassified
plos computational biology,PLoS computational biology,1,0.29,Other / Unclassified
peerj. computer science,PeerJ. Computer science,1,0.29,Engineering / Computer Science
pharmaceuticals,Pharmaceuticals,1,0.29,Other / Unclassified
physiotherapy practice and research,Physiotherapy Practice and Research,1,0.29,Other / Unclassified
"plants (basel, switzerland)","Plants (Basel, Switzerland)",1,0.29,Other / Unclassified
"proceedings of the international conference on advanced research in management, business and finance","Proceedings of The International Conference on Advanced Research in Management, Business and Finance",1,0.29,Education / Social Science / Other Applied
"proceedings of the 12th international conference on next generation computing, communication, systems and security","Proceedings of the 12th International Conference on Next Generation Computing, Communication, Systems and Security",1,0.29,Engineering / Computer Science
proceedings of the 18th conference of the european chapter of the association for computational linguistics (volume 1: long papers),Proceedings of the 18th Conference of the European Chapter of the Association for Computational Linguistics (Volume 1: Long Papers),1,0.29,NLP / Computational Linguistics
proceedings of the 2024 conference on empirical methods in natural language processing,Proceedings of the 2024 Conference on Empirical Methods in Natural Language Processing,1,0.29,NLP / Computational Linguistics
"proceedings of the 2025 acm conference on fairness, accountability, and transparency","Proceedings of the 2025 ACM Conference on Fairness, Accountability, and Transparency",1,0.29,Responsible AI / HCI / Ethics
proceedings of the 2025 conference on empirical methods in natural language processing,Proceedings of the 2025 Conference on Empirical Methods in Natural Language Processing,1,0.29,NLP / Computational Linguistics
proceedings of the 2025 international acm sigir conference on innovative concepts and theories in information retrieval (ictir),Proceedings of the 2025 International ACM SIGIR Conference on Innovative Concepts and Theories in Information Retrieval (ICTIR),1,0.29,Engineering / Computer Science
proceedings of the 2025 international conference on artificial intelligence and digital finance,Proceedings of the 2025 International Conference on Artificial Intelligence and Digital Finance,1,0.29,General AI / ML / Data Mining
proceedings of the 2025 international conference on artificial intelligence and its applications,Proceedings of the 2025 International Conference on Artificial Intelligence and its Applications,1,0.29,General AI / ML / Data Mining
proceedings of the 2025 international symposium on machine learning and social computing,Proceedings of the 2025 International Symposium on Machine Learning and Social Computing,1,0.29,General AI / ML / Data Mining
proceedings of the 31st international conference on intelligent user interfaces,Proceedings of the 31st International Conference on Intelligent User Interfaces,1,0.29,Responsible AI / HCI / Ethics
"proceedings of the 33rd acm conference on user modeling, adaptation and personalization","Proceedings of the 33rd ACM Conference on User Modeling, Adaptation and Personalization",1,0.29,Engineering / Computer Science
proceedings of the 5th workshop on gender bias in natural language processing (gebnlp),Proceedings of the 5th Workshop on Gender Bias in Natural Language Processing (GeBNLP),1,0.29,NLP / Computational Linguistics
proceedings of the 61st annual meeting of the association for computational linguistics (volume 1: long papers),Proceedings of the 61st Annual Meeting of the Association for Computational Linguistics (Volume 1: Long Papers),1,0.29,NLP / Computational Linguistics
proceedings of the 61st annual meeting of the association for computational linguistics (volume 3: system demonstrations),Proceedings of the 61st Annual Meeting of the Association for Computational Linguistics (Volume 3: System Demonstrations),1,0.29,NLP / Computational Linguistics
proceedings of the 6th workshop on gender bias in natural language processing (gebnlp),Proceedings of the 6th Workshop on Gender Bias in Natural Language Processing (GeBNLP),1,0.29,NLP / Computational Linguistics
proceedings of the association for information science and technology,Proceedings of the Association for Information Science and Technology,1,0.29,Other / Unclassified
proceedings of the design society,Proceedings of the Design Society,1,0.29,Other / Unclassified
proceedings of the fourth blackboxnlp workshop on analyzing and interpreting neural networks for nlp,Proceedings of the Fourth BlackboxNLP Workshop on Analyzing and Interpreting Neural Networks for NLP,1,0.29,Other / Unclassified
proceedings of the iv international scientific and practical conference,Proceedings of the IV International Scientific and Practical Conference,1,0.29,Other / Unclassified
proceedings of the nineteenth acm international conference on web search and data mining,Proceedings of the Nineteenth ACM International Conference on Web Search and Data Mining,1,0.29,General AI / ML / Data Mining
proceedings of the nineteenth international conference on artificial intelligence and law,Proceedings of the Nineteenth International Conference on Artificial Intelligence and Law,1,0.29,General AI / ML / Data Mining
proceedings of the the 17th international workshop on semantic evaluation (semeval-2023),Proceedings of the The 17th International Workshop on Semantic Evaluation (SemEval-2023),1,0.29,NLP / Computational Linguistics
"progress in biomedical engineering (bristol, england)","Progress in biomedical engineering (Bristol, England)",1,0.29,Biomedical / Health
remote sensing of environment,Remote Sensing of Environment,1,0.29,Other / Unclassified
research journal for social affairs,Research Journal for Social Affairs,1,0.29,Education / Social Science / Other Applied
revista internacional consinter de direito,Revista Internacional Consinter de Direito,1,0.29,Other / Unclassified
soft measurements and computing,SOFT MEASUREMENTS AND COMPUTING,1,0.29,Engineering / Computer Science
ssrn electronic journal,SSRN Electronic Journal,1,0.29,Other / Unclassified
science advances,Science advances,1,0.29,Multidisciplinary / General Science
science and engineering ethics,Science and engineering ethics,1,0.29,Engineering / Computer Science
"scientia. technology, science and society","Scientia. Technology, Science and Society",1,0.29,Other / Unclassified
"second international conference on communication, information, and digital technologies (cidt 2025)","Second International Conference on Communication, Information, and Digital Technologies (CIDT 2025)",1,0.29,Information Systems / Data / Digital Society
seminars in hematology,Seminars in hematology,1,0.29,Other / Unclassified
seminars in ophthalmology,Seminars in ophthalmology,1,0.29,Other / Unclassified
"signal, image processing and multimedia trends 2025","Signal, Image Processing and Multimedia Trends 2025",1,0.29,Other / Unclassified
smart agricultural technology,Smart Agricultural Technology,1,0.29,Other / Unclassified
social network analysis and mining,Social Network Analysis and Mining,1,0.29,Education / Social Science / Other Applied
technology in society,Technology in Society,1,0.29,Other / Unclassified
the 2024 acm conference on fairness accountability and transparency,The 2024 ACM Conference on Fairness Accountability and Transparency,1,0.29,Responsible AI / HCI / Ethics
the asian bulletin of big data management,The Asian Bulletin of Big Data Management,1,0.29,Information Systems / Data / Digital Society
the british journal of ophthalmology,The British journal of ophthalmology,1,0.29,Other / Unclassified
the eastasouth journal of information system and computer science,The Eastasouth Journal of Information System and Computer Science,1,0.29,Engineering / Computer Science
the lancet regional health. western pacific,The Lancet regional health. Western Pacific,1,0.29,Biomedical / Health
the scientific temper,The Scientific Temper,1,0.29,Other / Unclassified
university of wah journal of computer science,University of Wah Journal of Computer Science,1,0.29,Engineering / Computer Science
urban governance,Urban Governance,1,0.29,Other / Unclassified
water,Water,1,0.29,Other / Unclassified
world journal of advanced engineering technology and sciences,World Journal of Advanced Engineering Technology and Sciences,1,0.29,Engineering / Computer Science
медицинская этика,Медицинская этика,1,0.29,Other / Unclassified
