venue,venue_count
Scientific Reports,6
Proceedings of the AAAI Conference on Artificial Intelligence,3
IEEE Access,3
PLOS ONE,3
Cureus,2
Electronics,2
Proceedings of the 5th ACM International Conference on AI in Finance,2
Proceedings of the 61st Annual Meeting of the Association for Computational Linguistics,2
INTERNATIONAL JOURNAL OF SCIENTIFIC RESEARCH IN ENGINEERING AND MANAGEMENT,2
Bioengineering,2
Algorithms,2
Diagnostics,2
Sensors,2
Water,2
Frontiers in artificial intelligence,2
Proceedings of the Association for Information Science and Technology,1
International Journal of Artificial Intelligence in Education,1
Social Network Analysis and Mining,1
Indian journal of surgical oncology,1
Food and Bioprocess Technology,1
Cluster Computing,1
Artificial Intelligence Review,1
Neural Computing and Applications,1
Discover Applied Sciences,1
Applied clinical informatics,1
Yearbook of medical informatics,1
The American journal of bioethics : AJOB,1
Seminars in ophthalmology,1
"Annals of surgery open : perspectives of surgical history, education, and clinical approaches",1
British Food Journal,1
Journal of Property Investment & Finance,1
Complex & Intelligent Systems,1
Telematics and Informatics,1
Ophthalmology science,1
Nature communications,1
Proceedings of the Design Society,1
International Journal of Computational Intelligence Systems,1
Future Generation Computer Systems,1
The Lancet regional health. Western Pacific,1
Computational Visual Media,1
IEEE transactions on image processing : a publication of the IEEE Signal Processing Society,1
2023 5th International Conference on Problems of Cybernetics and Informatics,1
IEEE journal of biomedical and health informatics,1
IGARSS 2023 - 2023 IEEE International Geoscience and Remote Sensing Symposium,1
Proceedings of the Nineteenth International Conference on Artificial Intelligence and Law,1
Expert Systems,1
SNIS 20th annual meeting electronic poster abstracts,1
BMJ Military Health,1
Advances in Human-Computer Interaction,1
IAES International Journal of Artificial Intelligence,1
Physiotherapy Practice and Research,1
BMC palliative care,1
BMC medical informatics and decision making,1
The 2024 ACM Conference on Fairness Accountability and Transparency,1
Proceedings of the 2024 Conference on Human Centred Artificial Intelligence - Education and Practice,1
Digital Threats: Research and Practice,1
Open Research Europe,1
JCO clinical cancer informatics,1
Journal of cheminformatics,1
PLoS computational biology,1
International Journal of Basic and Applied Sciences,1
i-com,1
"Proceedings of the AAAI/ACM Conference on AI, Ethics, and Society",1
"2025 IEEE 6th International Seminar on Artificial Intelligence, Networking and Information Technology",1
2022 IEEE International Conference on Big Data,1
2023 IEEE 35th International Conference on Software Engineering Education and Training,1
2021 IEEE 25th International Enterprise Distributed Object Computing Workshop,1
2022 25th International Conference on Computer and Information Technology,1
Nature,1
NPJ digital medicine,1
Seminars in hematology,1
Discover Artificial Intelligence,1
JMIR medical informatics,1
JMIR AI,1
Complex Engineering Systems,1
Findings of the Association for Computational Linguistics: ACL 2025,1
Proceedings of the The 17th International Workshop on Semantic Evaluation,1
Findings of the Association for Computational Linguistics: EMNLP 2023,1
Proceedings of the Fourth BlackboxNLP Workshop on Analyzing and Interpreting Neural Networks for NLP,1
Journal of Artificial Intelligence Research,1
Journal of the Midwest Modern Language Association,1
"International Journal of Scientific Research in Science, Engineering and Technology",1
"Computers, Materials & Continua",1
International Journal of Computational and Experimental Science and Engineering,1
"The Journal of Political Theory, Political Philosophy and Sociology of Politics Politeia",1
World Journal of Advanced Engineering Technology and Sciences,1
Медицинская этика,1
International Journal for Research in Applied Science and Engineering Technology,1
Frontiers in psychiatry,1
Frontiers in medicine,1
Frontiers in cardiovascular medicine,1
International Journal of Health Services Research and Policy,1
International Journal of Scientific Research in Humanities and Social Sciences,1
International Journal of Scientific Research in Science and Technology,1
Cancers,1
Applied Sciences,1
Forecasting,1
Future Internet,1
International journal of molecular sciences,1
Information,1
Pharmaceuticals,1
Machine Learning and Knowledge Extraction,1
Multidisciplinary Reviews,1
ShodhKosh: Journal of Visual and Performing Arts,1
International Conference on Cyber Warfare and Security,1
System technologies,1
Proceedings of the International Conference on Industrial Engineering and Operations Management,1
Grail of Science,1
"International Journal of Advanced Research in Science, Communication and Technology",1
"Signal, Image Processing and Multimedia Trends 2025",1
Journal of Information Systems Engineering and Management,1
Journal of graduate medical education,1
Iraqi Journal of Intelligent Computing and Informatics,1
"Highlights in Science, Engineering and Technology",1
Advances in Artificial Intelligence and Machine Learning,1
AHFE International,1
International Scientific Journal of Engineering and Management,1
Current Science Research Bulletin,1
Bioscience trends,1
Engineering and Technology Journal,1
"Journal of Advanced Artificial Intelligence, Engineering and Technology",1
"Journal of Research, Innovation and Technologies",1
The Eastasouth Journal of Information System and Computer Science,1
KNOWLEDGE ORGANIZATION,1
"Scientia. Technology, Science and Society",1
"Science and Technology of Engineering, Chemistry and Environmental Protection",1
Journal of Literature and Linguistics Studies,1
REVUE ROUMAINE DES SCIENCES TECHNIQUES — SÉRIE ÉLECTROTECHNIQUE ET ÉNERGÉTIQUE,1
Journal of Go Studies,1
Journal of Cyber Security and Risk Auditing,1
Journal of Advances in Developmental Research,1
Dinkum Journal of Medical Innovations,1
International Journal on Science and Technology,1
"International Journal of Research and Review in Applied Science, Humanities, and Technology",1
Annals of internal medicine,1
PeerJ. Computer science,1
